know_yourself_ibn_arabi_balyani	KYS_P002	sourced	كان ولا بَعْد معه ولا قبل، ولا فوق ولا تحت، ولا قُ
know_yourself_ibn_arabi_balyani	KYS_P001	sourced	الحمد لله الذي لم يكن قبل وحدانيته قبلُ إلا والقبل
know_yourself_ibn_arabi_balyani	KYS_P003	sourced	"فافهم هذا لئلا تقع في غلط الحلولية.

لا هو في شيء،"
know_yourself_ibn_arabi_balyani	KYS_P006	sourced	لا يراه إلا هو، ولا يدركه إلا هو، ولا يعلمه إلا هو
know_yourself_ibn_arabi_balyani	KYS_P005	sourced	ينبغي أن نعرفه بهذه الصفة، لا بالعلم ولا بالعقل، و
know_yourself_ibn_arabi_balyani	KYS_P004	sourced	لا هو في شيء، ولا شيء فيه، لا داخلاً ولا خارجًا. ي
know_yourself_ibn_arabi_balyani	KYS_P007	UNVERIFIED(not in source)	"يعرف نفسه بنفسه؛ يرى نفسه، لا يراه أحدٌ غيره.

حجا"
know_yourself_ibn_arabi_balyani	KYS_P008	sourced	حجابه وحدانيته، فلا يحجبه شيءٌ غير حجابه. وجوده وح
know_yourself_ibn_arabi_balyani	KYS_P009	sourced	حجابه وحدانيته، فلا يحجبه شيءٌ غير حجابه. وجوده وح
know_yourself_ibn_arabi_balyani	KYS_P011	sourced	لا يراه أحدٌ غيره: لا نبي مرسل، ولا ولي كامل، ولا 
know_yourself_ibn_arabi_balyani	KYS_P010	sourced	تستَّر بوحدانيته بلا كيفية. لا يراه أحدٌ غيره: لا 
know_yourself_ibn_arabi_balyani	KYS_P012	sourced	لا يراه أحدٌ غيره: لا نبي مرسل، ولا ولي كامل، ولا 
know_yourself_ibn_arabi_balyani	KYS_P013	sourced	نبيُّه هو، ورسوله هو، ورسالته هو، وكلامه هو: أرسلَ
know_yourself_ibn_arabi_balyani	KYS_P016	UNVERIFIED(not in source)	ولا وجود لغيرٍ يفنى أو له اسم أو يُسمَّى. ولهذا قا
know_yourself_ibn_arabi_balyani	KYS_P015	sourced	نبيُّه هو، ورسوله هو، ورسالته هو، وكلامه هو: أرسلَ
know_yourself_ibn_arabi_balyani	KYS_P014	sourced	نبيُّه هو، ورسوله هو، ورسالته هو، وكلامه هو: أرسلَ
know_yourself_ibn_arabi_balyani	KYS_P017	sourced	"ولهذا قال – صلى الله عليه وسلم –: ""عرفت ربِّي بربِ"
know_yourself_ibn_arabi_balyani	KYS_P018	sourced	"وقال – صلى الله عليه وسلم –: ""عرفت ربِّي بربِّي."" "
know_yourself_ibn_arabi_balyani	KYS_P019	sourced	أشار – صلى الله عليه وسلم – بذلك أنك لست أنت، «بل»
know_yourself_ibn_arabi_balyani	KYS_P020	sourced	لا هو داخل فيك ولا هو خارج منك، ولا أنت خارج منه و
know_yourself_ibn_arabi_balyani	KYS_P021	sourced	ولا بذلك أنك موجود وصفتك هكذا أبدًا: غني به. إنك م
know_yourself_ibn_arabi_balyani	KYS_P023	sourced	إنك ما كنت قط ولا تكون، لا بنفسك ولا فيه ولا معه، 
know_yourself_ibn_arabi_balyani	KYS_P024	sourced	أنت هو، وهو أنت، بلا علَّة من هذه العلل. فإن عرفتَ
know_yourself_ibn_arabi_balyani	KYS_P022	sourced	أشار – صلى الله عليه وسلم – بذلك أنك لست أنت، «بل»
know_yourself_ibn_arabi_balyani	KYS_P025	sourced	فإن عرفتَ وجودك بهذه الصفة فقد عرفتَ الله. – وإلا 
know_yourself_ibn_arabi_balyani	KYS_P026	sourced	وأكثر العُرَّاف أضافوا معرفة الله – تعالى – إلى فن
know_yourself_ibn_arabi_balyani	KYS_P027	sourced	وأكثر العُرَّاف أضافوا معرفة الله – تعالى – إلى فن
know_yourself_ibn_arabi_balyani	KYS_P028	sourced	وأكثر العُرَّاف أضافوا معرفة الله – تعالى – إلى فن
know_yourself_ibn_arabi_balyani	KYS_P029	sourced	فإن الفناء بعد إثبات الوجود. فإذا عرفت نفسك بلا وج
know_yourself_ibn_arabi_balyani	KYS_P030	sourced	فإذا عرفت نفسك بلا وجود ولا فناء فقد عرفتَ الله. –
know_yourself_ibn_arabi_balyani	KYS_P034	sourced	وجودك لا شيء، واللاشيء لا يُضاف إلى شيء، لا فانٍ و
know_yourself_ibn_arabi_balyani	KYS_P031	sourced	وأكثر العُرَّاف أضافوا معرفة الله – تعالى – إلى فن
know_yourself_ibn_arabi_balyani	KYS_P036	sourced	فالله هو وجود الأزل ووجود الأبد ووجود القِدَم؛ فإن
know_yourself_ibn_arabi_balyani	KYS_P033	sourced	"ولهذا قال – صلى الله عليه وسلم –: ""عرفت ربِّي بربِ"
know_yourself_ibn_arabi_balyani	KYS_P032	sourced	"ولهذا قال – صلى الله عليه وسلم –: ""عرفت ربِّي بربِ"
know_yourself_ibn_arabi_balyani	KYS_P035	sourced	أشار – صلى الله عليه وسلم – بذلك أنك لست أنت، «بل»
astavakra_gita	AG_18_13	sourced	na kartāsi na bhoktāsi mukta evāsi sarvadā
astavakra_gita	AG_03_01	sourced	"avināśinam ātmānam ekaṃ vijñāya tattvataḥ
tavātma-"
astavakra_gita	AG_08_01	sourced	"tadā bandho yadā cittaṃ kiṃcid vāñchati ṣocati
kiṃ"
astavakra_gita	AG_18_80	sourced	na me bandho 'sti mokṣo vā bhrāntiḥ śāntā nirāśray
astavakra_gita	ASG_3_3	sourced	viśvaṃ sphurati yatredaṃ taraṅgā iva sāgare
astavakra_gita	ASG_6_1	sourced	"ākāśavad ananto 'haṃ ghaṭavat prakṛtaṃ jagat
iti j"
shantideva_bodhicaryavatara	BCA_08_EXCHANGE	UNVERIFIED(not in source)	"abhyāsavaśataḥ snehastoyaśukrakaṇeṣvapi |
ātmeti y"
shantideva_bodhicaryavatara	BCA_08_EQUAL	UNVERIFIED(not in source)	"prathamaṃ tāvadātmānaṃ sattvānāṃ samatāṃ vrajet
su"
shantideva_bodhicaryavatara	BCA_08_SOLITUDE	UNVERIFIED(not in source)	"vīryamārabhya cittaṃ tu samādhātavyamujjvalam
vikṣ"
shantideva_bodhicaryavatara	BCA_09_DREAM	UNVERIFIED(not in source)	"śūnyā bhāvā yato lābhaḥ kā hāniḥ ko 'tra pūjyate
k"
shantideva_bodhicaryavatara	BCA_08_TREES	UNVERIFIED(not in source)	drumā na mānaṃ kurvanti na cāpi paricaryayā śramāp
shantideva_bodhicaryavatara	BCA_09_COMPASSION	no-match	
shantideva_bodhicaryavatara	BCA_08_BODY	no-match	
shantideva_bodhicaryavatara	BCA_09_TWOTRUTHS	UNVERIFIED(not in source)	pūrvāḥ śikṣāḥ samāḥ sarvāḥ prajñārthaṃ munināditāḥ
tantrasara	ts_004	no-match	
tantrasara	ts_006	no-match	
tantrasara	ts_007	sourced	tatra yadā vikalpaṃ krameṇa saṃskurute samanantaro
tantrasara	ts_005	sourced	tatra yadā vikalpaṃ krameṇa saṃskurute samanantaro
tantrasara	TS_AH_06_30	sourced	prabuddhās tu kūṣmāṇḍahāṭakeśādyā maholoke krīḍant
tantrasara	TS_AH_14_01	sourced	atha putrakadīkṣāvidhiḥ
tilopa_mahamudra	TIL_002	sourced	"དཔེར་ན་ནམ་མཁའ་གང་གིས་གང་ལ་བརྟེན། །
རང་སེམས་ཕྱག་རྒྱ"
tilopa_mahamudra	TIL_001	sourced	"ཕྱག་རྒྱ་ཆེན་པོ་བསྟན་དུ་མེད་ཀྱིས་ཀྱང་། །
དཔེར་ན་ནམ་"
tilopa_mahamudra	TIL_003	sourced	"ལུས་ཀྱི་བྱ་བ་ཡོངས་ཐོངས་རྣལ་འབྱོར་དལ་བར་སྡོད། །
ངག་"
the_book_of_chuang_tzu	ZHUANGZI_MD_010	sourced	方其夢也，不知其夢也。夢之中又占其夢焉，覺而後知其夢也。且有大覺而後知此其大夢也，而愚者自以為覺，竊
the_book_of_chuang_tzu	ZHUANGZI_MD_013	sourced	桓公讀書於堂上，輪扁斲輪於堂下，釋椎鑿而上，問桓公曰：「敢問：「公之所讀者，何言邪？」公曰：「聖人之
the_book_of_chuang_tzu	ZHUANGZI_MD_014	UNVERIFIED(not in source)	孔子觀於呂梁,縣水三十仞,流沫四十里,黿鼉魚鱉之所不能游也。見一丈夫游之,以為有苦而欲死也。使弟子並
phaedo_plato	PHAEDO_MD_001	sourced	κινδυνεύουσι γὰρ ὅσοι τυγχάνουσιν ὀρθῶς ἁπτόμενοι 
phaedo_plato	PHAEDO_MD_003	no-match	
phaedo_plato	PHAEDO_MD_004	UNVERIFIED(not in source)	ἀλλὰ μήν, ἔφη ὁ Κέβης ὑπολαβών, καὶ κατ' ἐκεῖνόν γ
phaedo_plato	PHAEDO_MD_005	UNVERIFIED(not in source)	ἀλλὰ μὴν καὶ κατ' ἐκεῖνόν γε τὸν λόγον, ὦ Σώκρατες
phaedo_plato	PHAEDO_MD_007	UNVERIFIED(not in source)	ὦ Κρίτων, ἔφη, Ἀσκληπιῷ ὀφείλομεν ἀλεκτρυόνα· ἀλλὰ
phaedo_plato	PHAEDO_MD_006	sourced	οὐκοῦν ἅπερ ἀεὶ κατὰ ταὐτὰ καὶ ὡσαύτως ἔχει, ταῦτα
phaedo_plato	PHAEDO_MD_009	sourced	παλαιὸς μὲν οὖν ἔστι τις λόγος οὗ μεμνήμεθα, ὡς εἰ
phaedo_plato	PHAEDO_MD_002	no-match	
phaedo_plato	PHAEDO_MD_011	sourced	μὴ γὰρ οὐχ αὕτη ᾖ ἡ ὀρθὴ πρὸς ἀρετὴν ἀλλαγή, ἡδονὰ
phaedo_plato	PHAEDO_MD_008	sourced	ὁ μὲν οὖν ἐν ἀπορρήτοις λεγόμενος περὶ αὐτῶν λόγος
phaedo_plato	PHAEDO_MD_010	sourced	ὦ μακάριε Σιμμία, μὴ γὰρ οὐχ αὕτη ᾖ ἡ ὀρθὴ πρὸς ἀρ
phaedo_plato	PHD_007	sourced	εἰ γὰρ μὴ οἷόν τε μετὰ τοῦ σώματος μηδὲν καθαρῶς γ
phaedo_plato	PHAEDO_MD_012	no-match	
phaedo_plato	PHD_005	UNVERIFIED(not in source)	κινδυνεύει γάρ, ὦ ἄνδρες, τοῦτο συμβαίνειν, μισολό
phaedo_plato	PHD_008	no-match	
shantideva_bodhicaryavatara	BCA_08_EXCHANGE	sourced	"abhyāsādanyadīyeṣu śukraśoṇitabinduṣu
bhavatyahami"
shantideva_bodhicaryavatara	BCA_08_SOLITUDE	sourced	"vardhayitvaivamutsāhaṃ samādhau sthāpayenmanaḥ |
v"
shantideva_bodhicaryavatara	BCA_08_BODY	UNVERIFIED(not in source)	jaḍo 'yaṃ kāyaḥ paravaśaḥ kṣārāvasāyī pūtikhaṇḍaḥ 
shantideva_bodhicaryavatara	BCA_08_TREES	sourced	"śūnyadevakule sthitvā vṛkṣamūle guhāsu vā 
kadānap"
shantideva_bodhicaryavatara	BCA_08_EQUAL	UNVERIFIED(not in source)	"ādau tāvadidaṃ cittaṃ sadopasthāpyamīdṛśam
nirindr"
shantideva_bodhicaryavatara	BCA_09_COMPASSION	no-match	
shantideva_bodhicaryavatara	BCA_09_DREAM	sourced	"śūnyeṣu dharmeṣu kiṃ labdhaṃ kiṃ hṛtaṃ bhavet
satk"
shantideva_bodhicaryavatara	BCA_09_TWOTRUTHS	UNVERIFIED(not in source)	pūrvāḥ śikṣāḥ prajñārthaṃ hi munibhiḥ kathitāḥ sam
tantrasara	ts_004	NO_CREDITS	
tantrasara	ts_006	NO_CREDITS	
the_book_of_chuang_tzu	ZHUANGZI_MD_014	NO_CREDITS	
phaedo_plato	PHAEDO_MD_002	NO_CREDITS	
phaedo_plato	PHAEDO_MD_004	NO_CREDITS	
phaedo_plato	PHAEDO_MD_005	NO_CREDITS	
phaedo_plato	PHAEDO_MD_003	NO_CREDITS	
phaedo_plato	PHAEDO_MD_007	NO_CREDITS	
phaedo_plato	PHD_005	NO_CREDITS	
phaedo_plato	PHD_008	NO_CREDITS	
phaedo_plato	PHAEDO_MD_012	NO_CREDITS	
milarepa_songs	MIL_INTER_010	sourced	"bla ma'i byin rlabs dang/
slob ma brtson 'grus kyi"
milarepa_songs	MIL_SATIS_009	sourced	"sha rul sbrang mas 'jib/
sha rnams srin bus za/
db"
milarepa_songs	MIL_MAIDEN_011	sourced	"dga' ldan lha yi pho brang du/
chos bden ma gces r"
milarepa_songs	MIL_SHAME_013	UNVERIFIED(not in source)	"'jig rten spangs nas/
gsang sngags kyi chos nyams "
milarepa_songs	MIL_ILLNESS_014	sourced	"skye 'chi thar pa 'od gsal gyi ngang du mthong/
ph"
milarepa_songs	MIL_WORLD_012	UNVERIFIED(not in source)	"'di dag 'jig rten yin pas ngas spangs/
'jig rten s"
mandukya_upanishad_and_gaudapada_karika	MUK_004	no-match	
mandukya_upanishad_and_gaudapada_karika	MUK_010	no-match	
mandukya_upanishad_and_gaudapada_karika	MK_03_15	no-match	
mandukya_upanishad_and_gaudapada_karika	MUK_001	sourced	oṃ bhadraṃ karṇebhiḥ śṛṇuyāma devā bhadraṃ paśyemā
mandukya_upanishad_and_gaudapada_karika	MUK_016	sourced	"Āgamaprakaraṇa

INVOCATION

prajñānāṃśupratānaiḥ s"
phaedo_plato	PHAEDO_MD_002	sourced	ἐγὼ γάρ, ἔφη, ὦ Σιμμία τε καὶ Κέβης, εἰ μὲν μὴ ᾤμη
phaedo_plato	PHAEDO_MD_004	sourced	ἀλλὰ μήν, ἔφη ὁ Σιμμίας, ὦ Σώκρατες, ἡμεῖς γε τούτ
phaedo_plato	PHAEDO_MD_007	sourced	ὦ Κρίτων, ἔφη, τῷ Ἀσκληπιῷ ὀφείλομεν ἀλεκτρυόνα· ἀ
phaedo_plato	PHAEDO_MD_005	no-match	
phaedo_plato	PHAEDO_MD_003	no-match	
phaedo_plato	PHAEDO_MD_012	UNVERIFIED(not in source)	ἐγὼ δὲ ἔγωγε καὶ ἄλλως ἐν τῷ πρόσθεν χρόνῳ ἡγούμην
phaedo_plato	PHD_005	UNVERIFIED(not in source)	κινδυνεύει γάρ, ὦ ἑταῖρε Σιμμία τε καὶ Κέβης, ὁ λό
phaedo_plato	PHD_008	sourced	οὐκοῦν ψυχὴ τὸ ἐναντίον ᾧ αὐτὴ ἐπιφέρει ἀεὶ οὐ μή 
tantrasara	ts_006	no-match	
tantrasara	ts_004	no-match	
the_book_of_chuang_tzu	ZHUANGZI_MD_014	sourced	孔子觀於呂梁，縣水三十仞，流沫四十里，黿鼉魚鱉之所不能游也。見一丈夫游之，以為有苦而欲死也。使弟子並
pseudo_dionysius	PD_008	no-match	
hatha_yoga_pradipika	HATHA_YOGA_PRADIPIKA_004	sourced	haṭha-vidyāṃ hi matsyendra-gorakṣādyā vijānate / s
hatha_yoga_pradipika	HATHA_YOGA_PRADIPIKA_002	sourced	praṇamya śrī-guruṃ nāthaṃ svātmārāmeṇa yoginā / ke
hatha_yoga_pradipika	HATHA_YOGA_PRADIPIKA_001	sourced	śrī-ādi-nāthāya namo'stu tasmai yenopadiṣṭā haṭha-
hatha_yoga_pradipika	HATHA_YOGA_PRADIPIKA_003	sourced	bhrāntyā bahumata-dhvānte rāja-yogam ajānatām / ha
hatha_yoga_pradipika	HATHA_YOGA_PRADIPIKA_007	sourced	kānerī pūjyapādaś ca nitya-nātho nirañjanaḥ / kapā
hatha_yoga_pradipika	HATHA_YOGA_PRADIPIKA_006	sourced	manthāno bhairavo yogī siddhir buddhaś ca kanthaḍi
hatha_yoga_pradipika	HATHA_YOGA_PRADIPIKA_005	sourced	śrī-ādinātha-matsyendra-śāvarānanda-bhairavāḥ / ca
hatha_yoga_pradipika	HATHA_YOGA_PRADIPIKA_008	sourced	allāmaḥ prabhudevaś ca ghoḍā colī ca ṭiṃṭiṇiḥ / bh
hatha_yoga_pradipika	HATHA_YOGA_PRADIPIKA_009	sourced	ity ādayo mahāsiddhā haṭha-yoga-prabhāvataḥ / khaṇ
hatha_yoga_pradipika	HATHA_YOGA_PRADIPIKA_010	sourced	aśeṣa-tāpa-taptānāṃ samāśraya-maṭho haṭhaḥ / aśeṣa
hatha_yoga_pradipika	HATHA_YOGA_PRADIPIKA_150	sourced	ūrvor upari saṃsthāpya śubhe pāda-tale ubhe / padm
hatha_yoga_pradipika	HATHA_YOGA_PRADIPIKA_149	sourced	vāmorūpari dakṣiṇaṃ ca caraṇaṃ saṃsthāpya vāmaṃ ta
hatha_yoga_pradipika	HATHA_YOGA_PRADIPIKA_148	no-match	
hatha_yoga_pradipika	HATHA_YOGA_PRADIPIKA_152	sourced	punar virecayet tadvat pūrayec ca punaḥ punaḥ / ya
hatha_yoga_pradipika	HATHA_YOGA_PRADIPIKA_151	sourced	yathā lagati hṛt-kaṇṭhe kapālāvadhi sa-svanam / ve
hatha_yoga_pradipika	HATHA_YOGA_PRADIPIKA_153	sourced	tathaiva sva-śarīra-sthaṃ cālayet pavanaṃ dhiyā / 
hatha_yoga_pradipika	HATHA_YOGA_PRADIPIKA_156	sourced	kuṇḍalī bodhakaṃ kṣipraṃ pavanaṃ sukhadaṃ hitam / 
hatha_yoga_pradipika	HATHA_YOGA_PRADIPIKA_154	sourced	āsane sukhade yogī baddhvā caivāsanaṃ tataḥ / dakṣ
hatha_yoga_pradipika	HATHA_YOGA_PRADIPIKA_158	sourced	vegād ghoṣaṃ pūrakaṃ bhṛṅga-nādaṃ bhṛṅgī-nādaṃ rec
hatha_yoga_pradipika	HATHA_YOGA_PRADIPIKA_157	sourced	samyag gātra-samudbhūta-granthi-traya-vibhedakam /
hatha_yoga_pradipika	HATHA_YOGA_PRADIPIKA_160	sourced	nityaṃ soma-kalā-pūrṇaṃ śarīraṃ yasya yoginaḥ / ta
hatha_yoga_pradipika	HATHA_YOGA_PRADIPIKA_161	sourced	prāṇāyāmas tridhā prokto reca-pūraka-kumbhakaiḥ / 
hatha_yoga_pradipika	HATHA_YOGA_PRADIPIKA_159	sourced	pūrakānte gāḍhataraṃ baddhvā jālandharaṃ śanaiḥ / 
hatha_yoga_pradipika	HATHA_YOGA_PRADIPIKA_155	no-match	
hatha_yoga_pradipika	HATHA_YOGA_PRADIPIKA_162	sourced	yāvat kevala-siddhiḥ syāt sahitaṃ tāvad abhyaset /
hatha_yoga_pradipika	HATHA_YOGA_PRADIPIKA_164	sourced	na tasya durlabhaṃ kiṃcit triṣu lokeṣu vidyate / ś
hatha_yoga_pradipika	HATHA_YOGA_PRADIPIKA_167	sourced	kumbhaka-prāṇa-rodhānte kuryāc cittaṃ nirāśrayam /
hatha_yoga_pradipika	HATHA_YOGA_PRADIPIKA_163	sourced	yāvat kevala-siddhiḥ syāt sahitaṃ tāvad abhyaset /
hatha_yoga_pradipika	HATHA_YOGA_PRADIPIKA_166	sourced	haṭhaṃ vinā rājayogo rāja-yogaṃ vinā haṭhaḥ / na s
hatha_yoga_pradipika	HATHA_YOGA_PRADIPIKA_165	sourced	rāja-yoga-padaṃ cāpi labhate nātra saṃśayaḥ / kumb
hatha_yoga_pradipika	HATHA_YOGA_PRADIPIKA_168	sourced	vapuḥ kṛśatvaṃ vadane prasannatā nāda-sphuṭatvaṃ n
